<?xml version="1.0" encoding="utf-8" ?>
<jQueryScriptConfig>
<Options>
<ChangeAllButtons>False</ChangeAllButtons>
<FillInCalendars>False</FillInCalendars>
<FillInBoxes>True</FillInBoxes>
<AutoCompleteFix>False</AutoCompleteFix>
</Options>
<Statements>
<Statement>
<ID>Statement1</ID>
<SelectorType>2</SelectorType>
<SelectorName></SelectorName>
<PluginName></PluginName>
<PluginParameters></PluginParameters>
</Statement>
<Statement>
<ID>Statement2</ID>
<SelectorType>2</SelectorType>
<SelectorName></SelectorName>
<PluginName></PluginName>
<PluginParameters></PluginParameters>
</Statement>
</Statements>
<StatementControlsToPersist>2,1,2</StatementControlsToPersist>
</jQueryScriptConfig>