<?xml version="1.0" encoding="utf-8" ?>
<jQueryScriptConfig>
<Options>
<ChangeAllButtons>False</ChangeAllButtons>
<FillInCalendars>False</FillInCalendars>
<FillInBoxes>False</FillInBoxes>
<AutoCompleteFix>False</AutoCompleteFix>
</Options>
<Statements>
<Statement>
<ID>Statement1</ID>
<SelectorType>2</SelectorType>
<SelectorName>attrib</SelectorName>
<PluginName>animate</PluginName>
<PluginParameters>par1</PluginParameters>
</Statement>
<Statement>
<ID>Statement2</ID>
<SelectorType>3</SelectorType>
<SelectorName>class</SelectorName>
<PluginName>toggleClass</PluginName>
<PluginParameters>par2</PluginParameters>
</Statement>
<Statement>
<ID>Statement3</ID>
<SelectorType>4</SelectorType>
<SelectorName>element</SelectorName>
<PluginName>addClass</PluginName>
<PluginParameters>par3</PluginParameters>
</Statement>
<Statement>
<ID>Statement5</ID>
<SelectorType>5</SelectorType>
<SelectorName>id</SelectorName>
<PluginName>removeClass</PluginName>
<PluginParameters>par4</PluginParameters>
</Statement>
<Statement>
<ID>Statement6</ID>
<SelectorType>6</SelectorType>
<SelectorName>button</SelectorName>
<PluginName>switchClass</PluginName>
<PluginParameters>par5</PluginParameters>
</Statement>
</Statements>
<StatementControlsToPersist>6,1,2,3,5,6</StatementControlsToPersist>
</jQueryScriptConfig>